<?xml version="1.0" ?>
<manifest identifier="RSD_HTzlaSbRjQ1IVVJCmDd1VZ3qO4w" version="1"
          xmlns="http://www.imsproject.org/xsd/imscp_rootv1p1p2"
          xmlns:adlcp="http://www.adlnet.org/xsd/adlcp_rootv1p2"
          xmlns:xsi="http://www.w3.org/2001/XMLSchema-instance"
          xsi:schemaLocation="http://www.imsproject.org/xsd/imscp_rootv1p1p2 imscp_rootv1p1p2.xsd
                              http://www.imsglobal.org/xsd/imsmd_rootv1p2p1 imsmd_rootv1p2p1.xsd
                              http://www.adlnet.org/xsd/adlcp_rootv1p2 adlcp_rootv1p2.xsd">
  <metadata>
    <schema>ADL SCORM</schema>
    <schemaversion>1.2</schemaversion>
    <lom xmlns="http://www.imsglobal.org/xsd/imsmd_rootv1p2p1"
         xmlns:xsi="http://www.w3.org/2001/XMLSchema-instance"
         xsi:schemaLocation="http://www.imsglobal.org/xsd/imsmd_rootv1p2p1 imsmd_rootv1p2p1.xsd">
      <general>
        <title><langstring xml:lang="en"><![CDATA[Best practice feedback and complaints handling]]></langstring></title>
        <description>
          <langstring xml:lang="en"><![CDATA[Description]]></langstring>
        </description>
      </general>
    </lom>
  </metadata>

  <organizations default="B0">
    <organization identifier="B0">
      <!--****** Title ******-->
      <title><![CDATA[Best practice feedback and complaints handling]]></title>

      <item identifier="i1" identifierref="r1" isvisible="true">
        <!--****** Title ******-->
        <title><![CDATA[Best practice feedback and complaints handling]]></title>
      </item>
    </organization>
  </organizations>

  <resources>
    <resource identifier="r1" type="webcontent" adlcp:scormtype="sco" href="dispatch.html">
      <!--****** FILES ******-->
      <file href="blank.html"/>
      <file href="goodbye.html"/>
      <file href="dispatch.html"/>
      <file href="configuration.js"/>
      <file href="utils.js"/>
      <file href="scormdriver.js"/>
      <file href="dispatch.client.loader.js"/>
    </resource>
  </resources>
</manifest>
